config_id,config_name,launch_count,leo_capacity,apogee,is_placeholder,vehicle_class,notes
37,Soyuz U,714,6900.0,,False,orbital,
164,Falcon 9,619,22800.0,200.0,False,orbital,
102,Kosmos-3M,445,,,False,orbital,
104,Voskhod,299,,,False,orbital,
106,Molniya-M,272,,,False,orbital,
493,Space Shuttle,135,27500.0,,False,orbital,
327,Kosmos 11K63,126,300.0,,False,orbital,
445,Tsiklon-3,122,4100.0,,False,orbital,
80,Proton,110,,,False,orbital,
443,Tsiklon-2,105,2820.0,,False,orbital,
17,Long March 2D,100,3500.0,500.0,False,orbital,
452,Vostok 8A92M,93,3800.0,,False,orbital,
26,Electron,92,300.0,,False,orbital,NOTE: HASTE suborbital flights may be recorded under the Electron config - check per-launch orbit
50,Long March 3B/E,78,12000.0,,False,orbital,
378,Soyuz-U-PVB,74,6900.0,,False,orbital,
20,Ariane 5 ECA,73,,40000.0,False,orbital,
101,Soyuz-U,71,7050.0,,False,orbital,
22,Proton-M Briz-M,68,21000.0,40000.0,False,orbital,
465,SpaceShipTwo,67,0.0,110.0,False,suborbital,"SpaceShipTwo, air-launched suborbital spaceplane"
349,Proton-K/DM,66,,,False,orbital,
61,Long March 2C,65,3850.0,,False,orbital,
417,Thor SLV-2A Agena D,61,,,False,orbital,
34,Soyuz,60,6450.0,,False,orbital,
64,Long March 4C,60,,,False,orbital,
24,Soyuz 2.1a,58,7020.0,,False,orbital,
10,Long March 4B,57,4200.0,,False,orbital,
258,Atlas SLV-3 Agena D,48,1000.0,,False,orbital,
451,Vostok 8A92,44,4730.0,,False,orbital,
350,Proton-K/DM-2M,41,,,False,orbital,
16,Atlas V 401,41,9050.0,40000.0,False,orbital,
186,Thor DM-21 Agena-B,40,,,False,orbital,
184,Molniya 8K78,40,1900.0,,False,orbital,
225,Ariane 44L,40,10200.0,,False,orbital,
191,Proton,39,,,False,orbital,
137,New Shepard,38,0.0,100.0,False,suborbital,New Shepard suborbital tourism vehicle
190,Kosmos-2I 63S1,38,300.0,,False,orbital,
159,Delta II,36,,,False,orbital,
11,Zenit,36,0.0,140.0,False,orbital,
439,Titan IIIC,36,13100.0,,False,orbital,
134,Soyuz 2.1b/Fregat-M,35,8200.0,,False,orbital,
455,Zenit-2,35,13740.0,,False,orbital,
32,H-IIA,35,10000.0,,False,orbital,
87,Proton-M,33,,,False,orbital,
173,Pegasus XL,32,443.0,4000.0,False,orbital,
96,Soyuz,32,,,False,orbital,
261,Atlas SLV-3D Centaur,32,800.0,,False,orbital,
135,Kuaizhou 1A,31,300.0,,False,orbital,
40,Rokot/Briz-KM,31,1850.0,1500.0,False,orbital,
418,Thorad SLV-2G Agena D,30,,,False,orbital,
255,Atlas IIAS,30,6580.0,,False,orbital,
287,Delta 2914,30,724.0,,False,orbital,
95,Proton,29,,,False,orbital,
183,Atlas Agena B,29,,,False,orbital,
71,Long March 3A,27,0.0,40000.0,False,orbital,
38,PSLV-XL,27,,,False,orbital,
478,Long March 6A,26,,,False,orbital,
140,Delta II,26,,,False,orbital,
226,Ariane 44LP,26,8000.0,,False,orbital,
55,Falcon 9,25,22800.0,200.0,False,orbital,
42,Soyuz 2.1b/Fregat,25,8200.0,,False,orbital,
19,Long March 3B,24,11500.0,,False,orbital,
15,Soyuz 2.1b,24,8200.0,,False,orbital,
254,Atlas IIA,23,6580.0,,False,orbital,
421,Titan 24B,23,3000.0,,False,orbital,
27,Atlas V 551,23,18850.0,40000.0,False,orbital,
358,Scout B,23,143.0,,False,orbital,
84,Long March 2F/G,22,8399.0,,False,orbital,
31,Dnepr,22,,,False,orbital,
438,Titan IIIB,22,3000.0,,False,orbital,
440,Titan IIID,22,12300.0,,False,orbital,
167,Vega,22,1500.0,,False,orbital,
351,R-36O 8K69,21,,,False,orbital,"R-36O FOBS, fractional orbital by design"
45,Soyuz 2.1a/Fregat-M,20,7020.0,,False,orbital,
187,Thor DM-21 Ablestar,19,150.0,,False,orbital,
47,Long March 11,18,500.0,200.0,False,orbital,
216,Long March 7A,18,,,False,orbital,
43,PSLV,18,3800.0,,False,orbital,
405,Thor Delta E1,17,540.0,,False,orbital,
363,Scout G-1,17,210.0,,False,orbital,
99,Delta II,17,5959.0,,False,orbital,
260,Atlas SLV-3C Centaur,17,800.0,,False,orbital,
461,Ceres-1,17,350.0,,False,orbital,
131,Ariane 5 G,16,12200.0,40000.0,False,orbital,
360,Scout D-1,16,183.0,,False,orbital,
21,Delta IV Heavy,16,28370.0,40000.0,False,orbital,
483,Kinetica 1,15,2000.0,,False,orbital,
392,Thor Agena A,15,250.0,,False,orbital,
14,Falcon 9,15,13150.0,200.0,False,orbital,
227,Ariane 44P,15,6500.0,,False,orbital,
54,Long March 6,15,,,False,orbital,
33,"Delta IV M+(4,2)",15,11920.0,40000.0,False,orbital,
224,Ariane 42P,15,6000.0,,False,orbital,
232,Atlas Agena D,15,1000.0,,False,orbital,
78,Long March 3B/YZ-1,15,11500.0,40000.0,False,orbital,
238,Atlas E,15,,,False,orbital,
90,Long March 3C,14,,,False,orbital,
171,Soyuz STB,14,8200.0,,False,orbital,
223,Ariane 42L,13,7000.0,,False,orbital,
300,Delta II,13,3981.0,,False,orbital,
270,Long March 3,13,5000.0,,False,orbital,
209,North American X-15,13,,108.0,False,suborbital,"X-15 rocket plane, all flights suborbital"
393,Thor Agena D,13,,,False,orbital,
436,Titan II SLV,13,3600.0,,False,orbital,
419,Thorad SLV-2H Agena D,13,,,False,orbital,
93,Saturn V,13,140000.0,,False,orbital,
103,Vostok,13,4725.0,,False,orbital,
484,Smart Dragon 3,12,,,False,orbital,
259,Atlas SLV-3A Agena D,12,1000.0,,False,orbital,
168,GSLV Mk II,12,0.0,40000.0,False,orbital,
291,Delta 3914,12,951.0,,False,orbital,
145,Falcon 9,12,22800.0,197.0,False,orbital,
175,Minotaur I,12,580.0,,False,orbital,
409,Thor Delta M,12,355.0,,False,orbital,
98,Titan II,12,3850.0,,False,orbital,
161,Falcon Heavy,12,63800.0,200.0,False,orbital,
347,Proton-K/D-1,12,,,False,orbital,
7,PSLV,12,3800.0,,False,orbital,
395,Thor Burner 2,12,,,False,orbital,
370,Scout X-4,12,103.0,,False,orbital,
356,Scout A,11,122.0,,False,orbital,
219,Ariane 1,11,1400.0,,False,orbital,
110,Shavit-2,11,,,False,orbital,
423,Titan 34B,11,3500.0,,False,orbital,
221,Ariane 3,11,,,False,orbital,
252,Atlas I,11,5900.0,,False,orbital,
449,Vanguard,11,9.0,,False,orbital,
215,Ariane 5 ECA+,11,,,False,orbital,
70,Soyuz-FG,10,7100.0,,False,orbital,
253,Atlas II,10,6580.0,,False,orbital,
156,Long March 2C/YZ-1S,10,3850.0,,False,orbital,
188,Juno II,10,41.0,,False,orbital,
100,Long March 7,10,13500.0,,False,orbital,
401,Thor Delta C,10,81.0,,False,orbital,
162,Atlas LV-3B,10,1360.0,,False,orbital,"Atlas LV-3B, Mercury orbital flights"
518,Long March 8A,10,9800.0,,False,orbital,
163,Saturn IB,10,21000.0,,False,orbital,
355,Saturn I,10,9100.0,,False,orbital,
427,Titan 401A Centaur,9,21680.0,,False,orbital,
207,Starship Prototype,9,,,False,suborbital,"Starship prototype hops, development test articles"
172,LVM-3 (GSLV Mk III),9,10000.0,40000.0,False,orbital,
60,Soyuz 2.1v,9,2850.0,,False,orbital,
244,Atlas F,9,,,False,orbital,
237,Atlas D,9,1400.0,,False,orbital,NOTE: Mercury-Atlas config; earliest flights in program were suborbital - per-launch orbit needed
28,Atlas V 421,9,14067.0,40000.0,False,orbital,
454,Vostok-L 8K72,9,4000.0,,False,orbital,
75,Delta II,9,5959.0,,False,orbital,
1,Atlas V 541,9,17410.0,40000.0,False,orbital,
420,Titan 23B,9,3000.0,,False,orbital,
128,Long March 5,9,25000.0,,False,orbital,
77,H-IIB,9,16500.0,,False,orbital,
400,Thor Delta B,9,370.0,,False,orbital,
319,H-1,9,3200.0,,False,orbital,
398,Thor Delta,9,226.0,,False,orbital,
4,Atlas V 501,8,8210.0,40000.0,False,orbital,
210,Antares 230+,8,8200.0,,False,orbital,
396,Thor Burner 2A,8,,,False,orbital,
376,Soyuz 11A511M,8,6600.0,,False,orbital,
341,N-2,8,2000.0,,False,orbital,
193,Hyperbola-1,8,300.0,,False,orbital,
18,Ariane 5 ES,8,21000.0,40000.0,False,orbital,
23,"Delta IV M+(5,4)",8,13730.0,40000.0,False,orbital,
339,Mu-3S-II,8,800.0,,False,orbital,
473,Little Joe,8,,,False,suborbital,"Little Joe, Mercury abort test booster"
335,Molniya 8K78M-PVB,8,,,False,orbital,
467,Delta II,8,,,False,orbital,
46,Proton-M,8,21000.0,,False,orbital,
329,Kosmos 65S3,8,1400.0,,False,orbital,
415,Thor SLV-2 Agena D,8,,,False,orbital,
265,Blue Scout Jr,8,,,False,suborbital,Blue Scout Jr suborbital probe launcher
444,Tsiklon-2A,8,3000.0,,False,orbital,
49,Soyuz STA,8,7020.0,,False,orbital,
318,Feng Bao 1,8,2500.0,,False,orbital,
236,Atlas Centaur D,7,,,False,orbital,
222,Ariane 40,7,4600.0,,False,orbital,
213,Astra Rocket 3,7,100.0,,False,orbital,
424,Titan 34D,7,14515.0,,False,orbital,
268,Long March 2E,7,9200.0,,False,orbital,
289,Delta 3910/PAM,7,1087.0,,False,orbital,
320,H-II,7,10060.0,,False,orbital,
486,H3-22,7,,,False,orbital,
322,H-IIA,7,,,False,orbital,
250,Atlas G Centaur,7,3630.0,,False,orbital,
249,Atlas F/SVS,7,,,False,orbital,
334,M-V,7,1800.0,,False,orbital,
459,N-I,7,1200.0,,False,orbital,
426,Titan 34D Transtage,7,,,False,orbital,
267,Long March 2C/SD,7,3850.0,,False,orbital,
179,Firefly Alpha,7,1000.0,,False,orbital,
136,Angara 1.2,7,3700.0,,False,orbital,
127,Vega-C,7,3300.0,,False,orbital,
79,Long March 2F,7,8400.0,,False,orbital,
148,Titan III,7,15400.0,,False,orbital,
142,Simorgh,7,,,False,orbital,
130,Titan IVB,7,,,False,orbital,
411,Thor Delta N,6,,,False,orbital,
185,Scout X-1,6,59.0,185.0,False,orbital,verified vs launch records: 5 of 6 flights orbital attempts; P-21 suborbital - per-launch orbit override applies
285,Delta 2910,6,,,False,orbital,
91,Zenit,6,0.0,140.0,False,orbital,
56,Delta II,6,2800.0,,False,orbital,
88,Delta II,6,2800.0,,False,orbital,
94,Proton-M,6,,,False,orbital,
83,Atlas V 411,6,8080.0,40000.0,False,orbital,
464,Starship,6,15000.0,,False,orbital,Orbital-class vehicle; early integrated test flights flew suborbital trajectories by design
462,Long March 8,6,8100.0,,False,orbital,
344,Project Pilot,6,1.0,,False,orbital,"NOTS Project Pilot, air-launched orbital attempts, all failed"
404,Thor Delta E,6,540.0,,False,orbital,
324,Juno-I,6,11.0,,False,orbital,
500,Ceres-1S,6,350.0,,False,orbital,
107,Redstone,6,,260.0,False,suborbital,Mercury-Redstone suborbital crewed flights and tests
5,GSLV,6,5000.0,,False,orbital,
517,Long March 12,6,12000.0,,False,orbital,
112,Epsilon,6,,,False,orbital,
220,Ariane 2,6,,,False,orbital,
294,Delta 3920/PAM,6,1280.0,,False,orbital,
513,Apollo LM,6,,,False,non_earth_launch,verified: LM ascent stages launching from the lunar surface; reclassified from not_a_launch_vehicle when celestial_body data confirmed all 6 records are lunar ascents
194,Kuaizhou 11,6,1000.0,,False,orbital,
141,LauncherOne,6,500.0,,False,orbital,
105,Delta II,6,3099.0,,False,orbital,
149,Ariane 5 GS,6,,,False,orbital,
345,Proton-K/17S40,6,6000.0,,False,orbital,
397,Thor DSV-2U,5,500.0,,False,orbital,
121,Ariane 62,5,10900.0,,False,orbital,
295,Delta 3924,5,,,False,orbital,
359,Scout B-1,5,,,False,orbital,
118,Pegasus XL HAPS,5,443.0,4000.0,False,orbital,
312,Diamant B,5,160.0,,False,orbital,
367,Scout X-3,5,87.0,,False,orbital,verified vs launch records: all five flights orbital
429,Titan 402B IUS,5,21680.0,,False,orbital,
430,Titan 403A,5,17700.0,,False,orbital,
72,Soyuz STB,5,8200.0,,False,orbital,
381,Start-1,5,632.0,,False,orbital,
133,Falcon 1,5,470.0,,False,orbital,
251,Atlas H,5,3630.0,,False,orbital,
52,Minotaur IV,5,1735.0,500.0,False,orbital,
8,Atlas V 531,5,15530.0,40000.0,False,orbital,
165,Antares 230,5,7800.0,,False,orbital,
527,Starship,5,35000.0,,False,orbital,Orbital-class vehicle; early integrated test flights flew suborbital trajectories by design
470,Little Joe II,5,,,False,suborbital,"Little Joe II, Apollo abort test booster"
169,Falcon 9,5,9300.0,200.0,False,orbital,
333,Lambda 4S,5,26.0,,False,orbital,
48,H-IIA,5,,,False,orbital,
198,MOMO v0,5,,100.0,False,suborbital,MOMO sounding rocket (Interstellar Technologies)
39,Safir,5,0.0,250.0,False,orbital,
178,PSLV-DL,5,3800.0,,False,orbital,
235,Atlas Centaur,4,,,False,orbital,
495,Chollima-1,4,,,False,orbital,
325,K65M-RB,4,,,False,orbital,verified vs launch records: all four flights are BOR-4 orbital spaceplane tests
338,Mu-3S,4,300.0,,False,orbital,
256,Atlas SLV-3,4,800.0,,False,orbital,
228,Athena I,4,820.0,,False,orbital,
328,Kosmos 11K65,4,1400.0,,False,orbital,
197,SARGE,4,,80.0,False,suborbital,SARGE suborbital reusable (Exos Aerospace)
394,Thor Burner 1,4,,,False,orbital,
119,Pegasus,4,443.0,4000.0,False,orbital,
218,ASLV,4,150.0,,False,orbital,
114,N1,4,95000.0,,False,orbital,
208,Long March 5B,4,25000.0,,False,orbital,
340,Mu-4S,4,180.0,,False,orbital,
353,SLV-3,4,40.0,,False,orbital,
472,Atlas IIIB,4,10218.0,,False,orbital,
242,Atlas E/SGS-2,4,,,False,orbital,
58,Zenit 3F,4,0.0,140.0,False,orbital,
446,UR-500,4,8400.0,,False,orbital,
346,Proton-K/Briz-M,4,19760.0,,False,orbital,
437,Titan IIIA,4,3100.0,,False,orbital,
153,Soyuz,4,2850.0,,False,orbital,
266,Long March 2A,4,1800.0,,False,orbital,
129,Pegasus Hybrid,4,350.0,4000.0,False,orbital,
176,Long March 2D/YZ-3,4,,,False,orbital,
336,Mu-3C,4,195.0,,False,orbital,
272,Commercial Titan III,4,14742.0,,False,orbital,
342,Nike Cajun,4,,,False,suborbital,Nike Cajun sounding rocket
311,Diamant A,4,160.0,,False,orbital,
82,Minotaur,4,,,False,orbital,
453,Vostok 8K72,4,4550.0,,False,orbital,
117,Nuri,4,2600.0,,False,orbital,
348,Proton-K/D-2,3,6220.0,,False,orbital,
337,Mu-3H,3,300.0,,False,orbital,
212,Soyuz 2.1a/Fregat,3,,,False,orbital,
375,Soyuz 11A511L,3,5500.0,,False,orbital,
51,Long March 3C/E,3,8000.0,,False,orbital,
519,Zhuque-2E,3,6000.0,,False,orbital,
514,Luna,3,,,False,non_earth_launch,verified: Luna 16/20/24 ascent stages launching FROM the lunar surface - not part of the Earth launch market
508,Long March 5B/YZ-2,3,,,False,orbital,
507,KAIROS,3,250.0,,False,orbital,
505,Qaem 100,3,80.0,,False,orbital,
504,Angara A5/Briz-M,3,24500.0,,False,orbital,
503,Gravity-1,3,6500.0,,False,orbital,
12,Naro-1,3,,,False,orbital,
35,"Delta IV M+(5,2)",3,11700.0,40000.0,False,orbital,
481,Black Brant IX,3,,300.0,False,suborbital,Black Brant IX sounding rocket
36,Long March 3C/YZ-1,3,0.0,40000.0,False,orbital,
458,Delta IV M,3,8600.0,,False,orbital,
388,Thor Able I,3,120.0,,False,orbital,
442,Trailblazer 2,3,,,False,suborbital,Trailblazer reentry research vehicle
66,Long March 2C/SMA,3,,,False,orbital,
433,Titan 404B,3,21680.0,,False,orbital,
432,Titan 404A,3,17700.0,,False,orbital,
74,Safir 1B,3,0.0,250.0,False,orbital,
76,Strela,3,,,False,orbital,
422,Titan 33B,3,3000.0,,False,orbital,
414,Thor SLV-2 Agena B,3,400.0,,False,orbital,
412,Thor Delta N6,3,,,False,orbital,
402,Thor Delta C1,3,81.0,,False,orbital,
111,Atlas V 431,3,15260.0,40000.0,False,orbital,
428,Titan 402A IUS,3,21680.0,,False,orbital,
366,Scout X-2M,3,,,False,orbital,verified vs launch records: DSAP launches to SSO
138,New Glenn,3,45000.0,,False,orbital,
231,Atlas Agena A,3,1000.0,,False,orbital,
288,Delta 3910,3,,,False,orbital,
150,SSLV,3,500.0,,False,orbital,
284,Delta 2313,3,500.0,,False,orbital,
283,Delta 2310,3,,,False,orbital,
275,Delta 0300,3,,,False,orbital,
326,Kaituozhe-1,3,100.0,,False,orbital,
302,Delta II,3,,,False,orbital,
155,Delta II,3,,,False,orbital,
166,Atlas V N22,3,13034.0,,False,orbital,
246,Atlas F/MSD,3,,,False,orbital,
189,Delta DM-19,3,,,False,orbital,
310,Delta III,3,8290.0,,False,orbital,
304,Delta II,3,,,False,orbital,
230,Atlas-Able,3,,,False,orbital,
199,Zhuque-2,3,4000.0,,False,orbital,
321,H-IIA,3,,,False,orbital,
217,Qased,3,50.0,,False,orbital,
146,Ariane 5 G+,3,,,False,orbital,
229,Athena II,3,2065.0,,False,orbital,
316,Europa I,3,200.0,,False,orbital,
292,Delta 3920,3,,,False,orbital,
313,Diamant BP4,3,160.0,,False,orbital,
44,Shavit,2,,,False,orbital,
516,Vulcan VC4S,2,,,False,orbital,
278,Delta 1604,2,600.0,,False,orbital,
86,Unha,2,,,False,orbital,
416,Thor SLV-2A Agena B,2,,,False,orbital,
89,Zenit 2M,2,0.0,140.0,False,orbital,
413,Thor MG-18,2,,,False,orbital,verified vs launch records: DSAP weather satellite launches to SSO
282,Delta 1914,2,,,False,orbital,
234,Atlas Burner 2,2,800.0,,False,orbital,
515,Chang'e,2,,,False,non_earth_launch,verified: Chang'e 5/6 ascent stages launching FROM the lunar surface - not part of the Earth launch market
408,Thor Delta L,2,300.0,,False,orbital,
406,Thor Delta G,2,,,False,orbital,
92,Long March 1,2,,,False,orbital,
286,Delta 2913,2,2000.0,,False,orbital,
403,Thor Delta D,2,450.0,,False,orbital,
522,Starship,2,100000.0,,False,orbital,Orbital-class vehicle; early integrated test flights flew suborbital trajectories by design
276,Delta 0900,2,1300.0,,False,orbital,
181,PSLV-QL,2,1500.0,,False,orbital,
466,MOMO v1,2,,100.0,False,suborbital,MOMO sounding rocket (Interstellar Technologies)
151,Delta II,2,,,False,orbital,
196,Angara A5/Blok DM-03,2,24500.0,,False,orbital,
468,Sputnik 8K74PS,2,,,False,orbital,
448,VLS-1,2,120.0,,False,orbital,
469,Sputnik 8A91,2,,,False,orbital,
63,Antares 120,2,4600.0,,False,orbital,
399,Thor Delta A,2,250.0,,False,orbital,
65,Kuaizhou,2,0.0,1000.0,False,orbital,
154,Delta II,2,5959.0,,False,orbital,
262,Atlas V 521,2,13490.0,,False,orbital,
67,Unha-3,2,,,False,orbital,
69,Antares 110,2,4450.0,0.0,False,orbital,
263,Black Arrow,2,135.0,,False,orbital,"verified vs launch records: both flights (X-2, Prospero) are orbital attempts"
471,Atlas IIIA,2,8640.0,,False,orbital,
434,Titan 405A,2,17700.0,,False,orbital,
269,Long March 2C/SM,2,3850.0,,False,orbital,
201,Vulcan VC2S,2,19000.0,,False,orbital,
271,Long March 4A,2,4000.0,,False,orbital,
556,Zhuque-2E Block 2,2,6000.0,,False,orbital,
132,Pegasus HAPS,2,250.0,4000.0,False,orbital,
362,Scout F-1,2,193.0,,False,orbital,
306,Delta II,2,,,False,orbital,
123,Long March 5/YZ-2,2,,,False,orbital,
364,Scout X-2,2,76.0,,False,orbital,verified vs launch records: SOLRAD 4B orbital attempt; NOTE P-21A recorded as LEO in source but historically a suborbital probe - possible source data error
352,R-36O 8K69M,2,,,False,orbital,"R-36O FOBS, fractional orbital by design"
371,Scout X-4A,2,,,False,suborbital,"verified vs launch records: both flights Reentry-4A/4B, orbit field says Suborbital"
372,Shtil'-1,2,430.0,,False,orbital,
373,Soyuz 11A510,2,4500.0,,False,orbital,
116,Ariane 64,2,21650.0,,False,orbital,
308,Delta II,2,,,False,orbital,
379,Sputnik 11A59,2,1400.0,,False,orbital,
143,Space Launch System (SLS),2,95000.0,,False,orbital,
384,Minotaur-C 2110,2,1380.0,,False,orbital,
309,Delta II,2,,,False,orbital,
298,Delta II,2,,,False,orbital,
389,Thor Able II,2,,,False,orbital,
296,Delta 4925-8,2,3400.0,,False,orbital,
499,SR75,1,,200.0,False,suborbital,SR75 suborbital (HyImpulse)
354,SPARTA,1,45.0,,False,orbital,verified vs launch records: single record is the WRESAT orbital launch
494,Miura 1,1,,150.0,False,suborbital,Miura 1 suborbital demonstrator (PLD Space)
233,Atlas B,1,68.0,,False,orbital,
492,Tianlong-2,1,2000.0,,False,orbital,
552,Long March 12B,1,20000.0,,False,orbital,
491,Spectrum,1,1000.0,,False,orbital,
13,Minotaur V,1,1735.0,500.0,False,orbital,
122,SS-520,1,4.0,1000.0,False,orbital,verified vs launch records: holds only SS-520-4 TRICOM-1 orbital attempt
180,Terran 1,1,1479.0,,False,orbital,
239,Atlas E Altair,1,210.0,,False,orbital,
477,Long March 8 (Core Only),1,,,False,orbital,
475,RS1,1,1350.0,,False,orbital,
554,Long March 10B,1,16000.0,,False,orbital,verified vs launch records: 2026 demo flight to LEO
474,Hapith I,1,,,False,suborbital,Hapith I suborbital test vehicle (TiSPACE)
240,Atlas E/MSD,1,800.0,,False,orbital,
241,Atlas E/OIS,1,870.0,,False,orbital,
357,Scout A-1,1,,,False,orbital,
555,Soyuz 2.1b/Volga,1,,,False,orbital,
243,Atlas E/SVS,1,,,False,orbital,
497,Gaganyaan Abort Test Booster,1,,,False,suborbital,"Gaganyaan abort test, suborbital by design"
214,Atlas V 511,1,10986.0,,False,orbital,
529,HANBIT-TLV,1,,80.0,False,suborbital,HANBIT-TLV suborbital test launch vehicle (Innospace)
512,Ariane 64,1,21900.0,,False,orbital,
530,HANBIT-Nano,1,,,False,orbital,verified vs launch records: Spaceward orbital attempt to SSO
521,Soyuz-5,1,17000.0,,False,orbital,
204,H3-24,1,,,False,orbital,
203,H3-30,1,,,False,orbital,
532,Vikram-I,1,350.0,,False,orbital,verified vs launch records: 2026 demo flight to LEO
144,SS-520,1,4.0,1000.0,False,orbital,verified vs launch records: holds only SS-520-5 TRICOM-1R orbital launch
343,Paektusan 1,1,,,False,orbital,
317,Europa II,1,1160.0,,False,orbital,
315,Energiya/Buran,1,90400.0,,False,orbital,
510,Long March 6C,1,4500.0,,False,orbital,
546,Ceres-2,1,2000.0,,False,orbital,
538,Long March 12A,1,12000.0,,False,orbital,
314,Energiya,1,88000.0,,False,orbital,
195,Orion Abort Test Booster,1,,9.0,False,suborbital,"Orion abort test, suborbital by design"
126,Ares I-X,1,,,False,suborbital,Ares I-X single suborbital test flight
539,Zhuque-3,1,21300.0,,False,orbital,
125,Kaituozhe,1,,,False,orbital,
501,Mir (3 stage),1,100.0,,False,orbital,verified via web: South Korean ADD solid-fuel SLV (now named Mir); Dec 2023 S-STEP was an orbital test flight
540,Tianlong-3,1,17000.0,,False,orbital,
541,Kinetica 2,1,12000.0,,False,orbital,
192,Smart Dragon 1,1,150.0,,False,orbital,
290,Delta 3913,1,,,False,orbital,
307,Delta II,1,,,False,orbital,
361,Scout E-1,1,200.0,,False,orbital,
380,Start,1,645.0,,False,orbital,
273,Conestoga 1620,1,1179.0,,False,orbital,
147,KSLV 2 TLV,1,,,False,suborbital,KSLV-II TLV suborbital test launch vehicle
425,Titan 34D IUS,1,,,False,orbital,
382,Start-1.2,1,,,False,orbital,"verified vs launch records: single flight Zeya, orbital"
81,Delta II,1,5959.0,,False,orbital,
277,Delta 1410,1,,,False,orbital,
383,Minotaur-C 1110,1,1320.0,,False,orbital,
279,Delta 1900,1,,,False,orbital,
85,Minotaur IV,1,1950.0,500.0,False,orbital,"verified vs launch records: Minotaur IV+ TacSat-4, orbital"
280,Delta 1910,1,,,False,orbital,
385,Minotaur-C 2210,1,1380.0,,False,orbital,
386,Minotaur-C 3110,1,,,False,orbital,
281,Delta 1913,1,,,False,orbital,
387,Minotaur-C 3210,1,,,False,orbital,
299,Delta II,1,,,False,orbital,
410,Thor Delta M6,1,450.0,,False,orbital,
390,Thor Able III,1,,,False,orbital,
391,Thor Able IV,1,,,False,orbital,
407,Thor Delta J,1,260.0,,False,orbital,
297,Delta 5920-8,1,3848.0,,False,orbital,
109,Long March 7/YZ-1A,1,,,False,orbital,
108,Minotaur IV,1,1750.0,500.0,False,orbital,"verified vs launch records: Minotaur IV HAPS STP S-26, orbital"
301,Delta II,1,1500.0,,False,orbital,
431,Titan 403B,1,21680.0,,False,orbital,
152,Proton-M,1,23000.0,,False,orbital,
157,Delta II,1,,,False,orbital,
245,Atlas F/Agena D,1,,,False,orbital,
247,Atlas F/OIS,1,,,False,orbital,
248,Atlas F/PTS,1,,,False,orbital,
293,Delta 3920-8,1,,,False,orbital,
177,OS-M1,1,,,False,orbital,
456,Zenit-2 11K77.05,1,,,False,orbital,
53,Angara-1.2pp,1,,200.0,False,suborbital,Angara-1.2pp suborbital test flight
257,Atlas SLV-3 Agena B,1,1000.0,,False,orbital,
160,Zhuque-1,1,,,False,orbital,
57,Soyuz 2.1a/Volga,1,,,False,orbital,
450,Volna,1,120.0,,False,orbital,verified vs launch records: single record is the Cosmos-1 orbital attempt
3,Rokot/Briz-K,1,1850.0,1500.0,False,orbital,
59,Antares 130,1,5100.0,,False,orbital,
365,Scout X-2B,1,,,False,orbital,verified vs launch records: DSAP launch to SSO
62,SPARK,1,,,False,orbital,
305,Delta II,1,,,False,orbital,
368,Scout X-3A,1,,,False,suborbital,"verified vs launch records: single flight Reentry-2, orbit field says Suborbital"
369,Scout X-3M,1,,,False,orbital,verified vs launch records: DSAP launch to SSO
441,Trailblazer 1,1,,,False,suborbital,Trailblazer reentry research vehicle
303,Delta II,1,,,False,orbital,
264,Blue Scout II,1,30.0,,False,orbital,"verified vs launch records: single flight is Mercury-Scout 1, an orbital attempt"
435,Titan 405B,1,14500.0,,False,orbital,
460,Eris-1,1,305.0,,False,orbital,
